"Notes","State","State Code","Five-Year Age Groups","Five-Year Age Groups Code",Deaths,Population,Crude Rate
,"Alabama","01","< 1 year","1",606,58787,1030.8
,"Alabama","01","1-4 years","1-4",121,236153,51.2
,"Alabama","01","5-9 years","5-9",86,315749,27.2
,"Alabama","01","10-14 years","10-14",98,317379,30.9
,"Alabama","01","15-19 years","15-19",338,327789,103.1
,"Alabama","01","20-24 years","20-24",414,306182,135.2
,"Alabama","01","25-29 years","25-29",407,307028,132.6
,"Alabama","01","30-34 years","30-34",486,301295,161.3
,"Alabama","01","35-39 years","35-39",736,342932,214.6
,"Alabama","01","40-44 years","40-44",1151,344000,334.6
,"Alabama","01","45-49 years","45-49",1392,309892,449.2
,"Alabama","01","50-54 years","50-54",1765,275759,640.1
,"Alabama","01","55-59 years","55-59",2204,220728,998.5
,"Alabama","01","60-64 years ","60-64",2837,189814,1494.6
,"Alabama","01","65-69 years","65-69",3833,167363,2290.2
,"Alabama","01","70-74 years","70-74",5011,148565,3372.9
,"Alabama","01","75-79 years","75-79",6258,117897,5308.0
,"Alabama","01","80-84 years","80-84",6214,76876,8083.1
,"Alabama","01","85-89 years","85-89",5715,Not Applicable,Not Applicable
,"Alabama","01","90-94 years","90-94",3500,Not Applicable,Not Applicable
,"Alabama","01","95-99 years","95-99",1319,Not Applicable,Not Applicable
,"Alabama","01","100+ years","100+",315,Not Applicable,Not Applicable
,"Alabama","01","Not Stated","NS",0,Not Applicable,Not Applicable
,"Alaska","02","< 1 year","1",57,9265,615.2
,"Alaska","02","1-4 years","1-4",17,38671,Unreliable
,"Alaska","02","5-9 years","5-9",11,55181,Unreliable
,"Alaska","02","10-14 years","10-14",Suppressed,55877,Suppressed
,"Alaska","02","15-19 years","15-19",54,49732,108.6
,"Alaska","02","20-24 years","20-24",42,39451,106.5
,"Alaska","02","25-29 years","25-29",64,41687,153.5
,"Alaska","02","30-34 years","30-34",74,48329,153.1
,"Alaska","02","35-39 years","35-39",105,57719,181.9
,"Alaska","02","40-44 years","40-44",123,59162,207.9
,"Alaska","02","45-49 years","45-49",148,52540,281.7
,"Alaska","02","50-54 years","50-54",162,39580,409.3
,"Alaska","02","55-59 years","55-59",195,26381,739.2
,"Alaska","02","60-64 years ","60-64",198,16960,1167.5
,"Alaska","02","65-69 years","65-69",236,12219,1931.4
,"Alaska","02","70-74 years","70-74",305,9512,3206.5
,"Alaska","02","75-79 years","75-79",300,6525,4597.7
,"Alaska","02","80-84 years","80-84",266,3527,7541.8
,"Alaska","02","85-89 years","85-89",196,Not Applicable,Not Applicable
,"Alaska","02","90-94 years","90-94",116,Not Applicable,Not Applicable
,"Alaska","02","95-99 years","95-99",28,Not Applicable,Not Applicable
,"Alaska","02","100+ years","100+",Suppressed,Not Applicable,Not Applicable
,"Alaska","02","Not Stated","NS",0,Not Applicable,Not Applicable
,"Arizona","04","< 1 year","1",548,77506,707.0
,"Arizona","04","1-4 years","1-4",108,298582,36.2
,"Arizona","04","5-9 years","5-9",54,380471,14.2
,"Arizona","04","10-14 years","10-14",81,364017,22.3
,"Arizona","04","15-19 years","15-19",269,359836,74.8
,"Arizona","04","20-24 years","20-24",371,350911,105.7
,"Arizona","04","25-29 years","25-29",380,371429,102.3
,"Arizona","04","30-34 years","30-34",477,367109,129.9
,"Arizona","04","35-39 years","35-39",721,393281,183.3
,"Arizona","04","40-44 years","40-44",961,368155,261.0
,"Arizona","04","45-49 years","45-49",1218,322567,377.6
,"Arizona","04","50-54 years","50-54",1442,282200,511.0
,"Arizona","04","55-59 years","55-59",1780,229310,776.2
,"Arizona","04","60-64 years ","60-64",2341,198437,1179.7
,"Arizona","04","65-69 years","65-69",3263,188248,1733.4
,"Arizona","04","70-74 years","70-74",4568,174466,2618.3
,"Arizona","04","75-79 years","75-79",5789,141816,4082.0
,"Arizona","04","80-84 years","80-84",6135,89282,6871.5
,"Arizona","04","85-89 years","85-89",5150,Not Applicable,Not Applicable
,"Arizona","04","90-94 years","90-94",3109,Not Applicable,Not Applicable
,"Arizona","04","95-99 years","95-99",1014,Not Applicable,Not Applicable
,"Arizona","04","100+ years","100+",230,Not Applicable,Not Applicable
,"Arizona","04","Not Stated","NS",41,Not Applicable,Not Applicable
,"Arkansas","05","< 1 year","1",292,35851,814.5
,"Arkansas","05","1-4 years","1-4",63,145276,43.4
,"Arkansas","05","5-9 years","5-9",43,188127,22.9
,"Arkansas","05","10-14 years","10-14",66,193029,34.2
,"Arkansas","05","15-19 years","15-19",175,200122,87.4
,"Arkansas","05","20-24 years","20-24",219,179622,121.9
,"Arkansas","05","25-29 years","25-29",210,176338,119.1
,"Arkansas","05","30-34 years","30-34",261,174957,149.2
,"Arkansas","05","35-39 years","35-39",393,199896,196.6
,"Arkansas","05","40-44 years","40-44",575,194986,294.9
,"Arkansas","05","45-49 years","45-49",761,178341,426.7
,"Arkansas","05","50-54 years","50-54",973,161702,601.7
,"Arkansas","05","55-59 years","55-59",1283,135264,948.5
,"Arkansas","05","60-64 years ","60-64",1648,115753,1423.7
,"Arkansas","05","65-69 years","65-69",2263,104761,2160.2
,"Arkansas","05","70-74 years","70-74",3132,93175,3361.4
,"Arkansas","05","75-79 years","75-79",3893,76333,5100.0
,"Arkansas","05","80-84 years","80-84",4197,52465,7999.6
,"Arkansas","05","85-89 years","85-89",3860,Not Applicable,Not Applicable
,"Arkansas","05","90-94 years","90-94",2492,Not Applicable,Not Applicable
,"Arkansas","05","95-99 years","95-99",963,Not Applicable,Not Applicable
,"Arkansas","05","100+ years","100+",161,Not Applicable,Not Applicable
,"Arkansas","05","Not Stated","NS",Suppressed,Not Applicable,Not Applicable
,"California","06","< 1 year","1",2800,485647,576.6
,"California","06","1-4 years","1-4",602,2026500,29.7
,"California","06","5-9 years","5-9",364,2748888,13.2
,"California","06","10-14 years","10-14",447,2497890,17.9
,"California","06","15-19 years","15-19",1320,2403117,54.9
,"California","06","20-24 years","20-24",1782,2303169,77.4
,"California","06","25-29 years","25-29",1864,2563984,72.7
,"California","06","30-34 years","30-34",2493,2714559,91.8
,"California","06","35-39 years","35-39",3791,2830371,133.9
,"California","06","40-44 years","40-44",5436,2631815,206.5
,"California","06","45-49 years","45-49",7421,2269009,327.1
,"California","06","50-54 years","50-54",8630,1920301,449.4
,"California","06","55-59 years","55-59",10038,1415902,708.9
,"California","06","60-64 years ","60-64",12623,1127145,1119.9
,"California","06","65-69 years","65-69",17166,985605,1741.7
,"California","06","70-74 years","70-74",24693,902399,2736.4
,"California","06","75-79 years","75-79",32491,766688,4237.8
,"California","06","80-84 years","80-84",34241,492951,6946.1
,"California","06","85-89 years","85-89",31081,Not Applicable,Not Applicable
,"California","06","90-94 years","90-94",20177,Not Applicable,Not Applicable
,"California","06","95-99 years","95-99",8127,Not Applicable,Not Applicable
,"California","06","100+ years","100+",1712,Not Applicable,Not Applicable
,"California","06","Not Stated","NS",81,Not Applicable,Not Applicable
,"Colorado","08","< 1 year","1",416,60120,691.9
,"Colorado","08","1-4 years","1-4",78,231098,33.8
,"Colorado","08","5-9 years","5-9",51,304910,16.7
,"Colorado","08","10-14 years","10-14",55,306407,17.9
,"Colorado","08","15-19 years","15-19",226,302365,74.7
,"Colorado","08","20-24 years","20-24",228,294419,77.4
,"Colorado","08","25-29 years","25-29",285,326929,87.2
,"Colorado","08","30-34 years","30-34",333,327928,101.5
,"Colorado","08","35-39 years","35-39",538,371857,144.7
,"Colorado","08","40-44 years","40-44",732,367106,199.4
,"Colorado","08","45-49 years","45-49",905,327225,276.6
,"Colorado","08","50-54 years","50-54",995,265834,374.3
,"Colorado","08","55-59 years","55-59",1193,186839,638.5
,"Colorado","08","60-64 years ","60-64",1469,142207,1033.0
,"Colorado","08","65-69 years","65-69",2047,120041,1705.3
,"Colorado","08","70-74 years","70-74",2772,104378,2655.7
,"Colorado","08","75-79 years","75-79",3655,84482,4326.4
,"Colorado","08","80-84 years","80-84",3882,54621,7107.2
,"Colorado","08","85-89 years","85-89",3609,Not Applicable,Not Applicable
,"Colorado","08","90-94 years","90-94",2469,Not Applicable,Not Applicable
,"Colorado","08","95-99 years","95-99",963,Not Applicable,Not Applicable
,"Colorado","08","100+ years","100+",210,Not Applicable,Not Applicable
,"Colorado","08","Not Stated","NS",Suppressed,Not Applicable,Not Applicable
,"Connecticut","09","< 1 year","1",265,42660,621.2
,"Connecticut","09","1-4 years","1-4",35,180157,19.4
,"Connecticut","09","5-9 years","5-9",30,245385,12.2
,"Connecticut","09","10-14 years","10-14",41,236053,17.4
,"Connecticut","09","15-19 years","15-19",95,213162,44.6
,"Connecticut","09","20-24 years","20-24",159,185894,85.5
,"Connecticut","09","25-29 years","25-29",156,207932,75.0
,"Connecticut","09","30-34 years","30-34",235,254504,92.3
,"Connecticut","09","35-39 years","35-39",407,293075,138.9
,"Connecticut","09","40-44 years","40-44",504,286444,176.0
,"Connecticut","09","45-49 years","45-49",723,246896,292.8
,"Connecticut","09","50-54 years","50-54",919,222424,413.2
,"Connecticut","09","55-59 years","55-59",1162,171572,677.3
,"Connecticut","09","60-64 years ","60-64",1390,130887,1062.0
,"Connecticut","09","65-69 years","65-69",1920,118365,1622.1
,"Connecticut","09","70-74 years","70-74",3070,114972,2670.2
,"Connecticut","09","75-79 years","75-79",4161,100744,4130.3
,"Connecticut","09","80-84 years","80-84",4936,72454,6812.6
,"Connecticut","09","85-89 years","85-89",4634,Not Applicable,Not Applicable
,"Connecticut","09","90-94 years","90-94",3074,Not Applicable,Not Applicable
,"Connecticut","09","95-99 years","95-99",1252,Not Applicable,Not Applicable
,"Connecticut","09","100+ years","100+",277,Not Applicable,Not Applicable
,"Connecticut","09","Not Stated","NS",Suppressed,Not Applicable,Not Applicable
,"Delaware","10","< 1 year","1",79,10223,772.8
,"Delaware","10","1-4 years","1-4",15,40846,Unreliable
,"Delaware","10","5-9 years","5-9",Suppressed,55768,Suppressed
,"Delaware","10","10-14 years","10-14",Suppressed,54060,Suppressed
,"Delaware","10","15-19 years","15-19",25,54830,45.6
,"Delaware","10","20-24 years","20-24",35,50086,69.9
,"Delaware","10","25-29 years","25-29",54,53292,101.3
,"Delaware","10","30-34 years","30-34",54,57757,93.5
,"Delaware","10","35-39 years","35-39",123,64858,189.6
,"Delaware","10","40-44 years","40-44",176,61972,284.0
,"Delaware","10","45-49 years","45-49",186,53351,348.6
,"Delaware","10","50-54 years","50-54",240,47477,505.5
,"Delaware","10","55-59 years","55-59",284,38109,745.2
,"Delaware","10","60-64 years ","60-64",390,31777,1227.3
,"Delaware","10","65-69 years","65-69",588,29791,1973.8
,"Delaware","10","70-74 years","70-74",862,26404,3264.7
,"Delaware","10","75-79 years","75-79",995,20984,4741.7
,"Delaware","10","80-84 years","80-84",998,13166,7580.1
,"Delaware","10","85-89 years","85-89",822,Not Applicable,Not Applicable
,"Delaware","10","90-94 years","90-94",484,Not Applicable,Not Applicable
,"Delaware","10","95-99 years","95-99",201,Not Applicable,Not Applicable
,"Delaware","10","100+ years","100+",38,Not Applicable,Not Applicable
,"Delaware","10","Not Stated","NS",0,Not Applicable,Not Applicable
,"District of Columbia","11","< 1 year","1",113,6458,1749.8
,"District of Columbia","11","1-4 years","1-4",14,26440,Unreliable
,"District of Columbia","11","5-9 years","5-9",Suppressed,36596,Suppressed
,"District of Columbia","11","10-14 years","10-14",Suppressed,28544,Suppressed
,"District of Columbia","11","15-19 years","15-19",58,36717,158.0
,"District of Columbia","11","20-24 years","20-24",66,48523,136.0
,"District of Columbia","11","25-29 years","25-29",75,57039,131.5
,"District of Columbia","11","30-34 years","30-34",102,49639,205.5
,"District of Columbia","11","35-39 years","35-39",148,46507,318.2
,"District of Columbia","11","40-44 years","40-44",239,41649,573.8
,"District of Columbia","11","45-49 years","45-49",302,38725,779.9
,"District of Columbia","11","50-54 years","50-54",344,34514,996.7
,"District of Columbia","11","55-59 years","55-59",331,27011,1225.4
,"District of Columbia","11","60-64 years ","60-64",386,21698,1779.0
,"District of Columbia","11","65-69 years","65-69",455,18882,2409.7
,"District of Columbia","11","70-74 years","70-74",614,17679,3473.0
,"District of Columbia","11","75-79 years","75-79",789,14902,5294.6
,"District of Columbia","11","80-84 years","80-84",726,9928,7312.7
,"District of Columbia","11","85-89 years","85-89",661,Not Applicable,Not Applicable
,"District of Columbia","11","90-94 years","90-94",370,Not Applicable,Not Applicable
,"District of Columbia","11","95-99 years","95-99",207,Not Applicable,Not Applicable
,"District of Columbia","11","100+ years","100+",57,Not Applicable,Not Applicable
,"District of Columbia","11","Not Stated","NS",Suppressed,Not Applicable,Not Applicable
,"Florida","12","< 1 year","1",1452,187719,773.5
,"Florida","12","1-4 years","1-4",329,754054,43.6
,"Florida","12","5-9 years","5-9",186,1037103,17.9
,"Florida","12","10-14 years","10-14",212,1032139,20.5
,"Florida","12","15-19 years","15-19",674,992265,67.9
,"Florida","12","20-24 years","20-24",909,907463,100.2
,"Florida","12","25-29 years","25-29",1088,994333,109.4
,"Florida","12","30-34 years","30-34",1455,1098372,132.5
,"Florida","12","35-39 years","35-39",2383,1260288,189.1
,"Florida","12","40-44 years","40-44",3319,1196187,277.5
,"Florida","12","45-49 years","45-49",4083,1049792,388.9
,"Florida","12","50-54 years","50-54",5095,942150,540.8
,"Florida","12","55-59 years","55-59",6397,789129,810.6
,"Florida","12","60-64 years ","60-64",8497,720321,1179.6
,"Florida","12","65-69 years","65-69",12291,732184,1678.7
,"Florida","12","70-74 years","70-74",18244,730681,2496.8
,"Florida","12","75-79 years","75-79",24098,611578,3940.3
,"Florida","12","80-84 years","80-84",25951,400752,6475.6
,"Florida","12","85-89 years","85-89",23791,Not Applicable,Not Applicable
,"Florida","12","90-94 years","90-94",15731,Not Applicable,Not Applicable
,"Florida","12","95-99 years","95-99",5794,Not Applicable,Not Applicable
,"Florida","12","100+ years","100+",1194,Not Applicable,Not Applicable
,"Florida","12","Not Stated","NS",51,Not Applicable,Not Applicable
,"Georgia","13","< 1 year","1",1040,119807,868.1
,"Georgia","13","1-4 years","1-4",171,463161,36.9
,"Georgia","13","5-9 years","5-9",131,609017,21.5
,"Georgia","13","10-14 years","10-14",155,591812,26.2
,"Georgia","13","15-19 years","15-19",481,589631,81.6
,"Georgia","13","20-24 years","20-24",537,574511,93.5
,"Georgia","13","25-29 years","25-29",665,638268,104.2
,"Georgia","13","30-34 years","30-34",845,656082,128.8
,"Georgia","13","35-39 years","35-39",1270,693333,183.2
,"Georgia","13","40-44 years","40-44",1784,642115,277.8
,"Georgia","13","45-49 years","45-49",2245,559425,401.3
,"Georgia","13","50-54 years","50-54",2862,487139,587.5
,"Georgia","13","55-59 years","55-59",3441,362385,949.5
,"Georgia","13","60-64 years ","60-64",4168,280449,1486.2
,"Georgia","13","65-69 years","65-69",5369,233760,2296.8
,"Georgia","13","70-74 years","70-74",6768,197516,3426.6
,"Georgia","13","75-79 years","75-79",8065,157765,5112.0
,"Georgia","13","80-84 years","80-84",8276,103380,8005.4
,"Georgia","13","85-89 years","85-89",7414,Not Applicable,Not Applicable
,"Georgia","13","90-94 years","90-94",4414,Not Applicable,Not Applicable
,"Georgia","13","95-99 years","95-99",1591,Not Applicable,Not Applicable
,"Georgia","13","100+ years","100+",330,Not Applicable,Not Applicable
,"Georgia","13","Not Stated","NS",Suppressed,Not Applicable,Not Applicable
,"Hawaii","15","< 1 year","1",120,15523,773.0
,"Hawaii","15","1-4 years","1-4",15,64222,Unreliable
,"Hawaii","15","5-9 years","5-9",Suppressed,86991,Suppressed
,"Hawaii","15","10-14 years","10-14",Suppressed,82785,Suppressed
,"Hawaii","15","15-19 years","15-19",36,81529,44.2
,"Hawaii","15","20-24 years","20-24",46,82715,55.6
,"Hawaii","15","25-29 years","25-29",63,83523,75.4
,"Hawaii","15","30-34 years","30-34",94,90661,103.7
,"Hawaii","15","35-39 years","35-39",125,97285,128.5
,"Hawaii","15","40-44 years","40-44",191,95723,199.5
,"Hawaii","15","45-49 years","45-49",264,89327,295.5
,"Hawaii","15","50-54 years","50-54",314,77930,402.9
,"Hawaii","15","55-59 years","55-59",373,57934,643.8
,"Hawaii","15","60-64 years ","60-64",481,45708,1052.3
,"Hawaii","15","65-69 years","65-69",620,43010,1441.5
,"Hawaii","15","70-74 years","70-74",959,42452,2259.0
,"Hawaii","15","75-79 years","75-79",1183,34556,3423.4
,"Hawaii","15","80-84 years","80-84",1230,21518,5716.1
,"Hawaii","15","85-89 years","85-89",1063,Not Applicable,Not Applicable
,"Hawaii","15","90-94 years","90-94",711,Not Applicable,Not Applicable
,"Hawaii","15","95-99 years","95-99",294,Not Applicable,Not Applicable
,"Hawaii","15","100+ years","100+",73,Not Applicable,Not Applicable
,"Hawaii","15","Not Stated","NS",0,Not Applicable,Not Applicable
,"Idaho","16","< 1 year","1",134,19493,687.4
,"Idaho","16","1-4 years","1-4",29,76693,37.8
,"Idaho","16","5-9 years","5-9",24,99729,24.1
,"Idaho","16","10-14 years","10-14",33,103979,31.7
,"Idaho","16","15-19 years","15-19",96,111587,86.0
,"Idaho","16","20-24 years","20-24",80,92437,86.5
,"Idaho","16","25-29 years","25-29",70,82840,84.5
,"Idaho","16","30-34 years","30-34",87,81995,106.1
,"Idaho","16","35-39 years","35-39",145,95958,151.1
,"Idaho","16","40-44 years","40-44",163,97538,167.1
,"Idaho","16","45-49 years","45-49",233,90083,258.7
,"Idaho","16","50-54 years","50-54",310,74530,415.9
,"Idaho","16","55-59 years","55-59",381,58108,655.7
,"Idaho","16","60-64 years ","60-64",492,46544,1057.1
,"Idaho","16","65-69 years","65-69",722,39821,1813.1
,"Idaho","16","70-74 years","70-74",918,35543,2582.8
,"Idaho","16","75-79 years","75-79",1342,30157,4450.0
,"Idaho","16","80-84 years","80-84",1518,21095,7196.0
,"Idaho","16","85-89 years","85-89",1497,Not Applicable,Not Applicable
,"Idaho","16","90-94 years","90-94",892,Not Applicable,Not Applicable
,"Idaho","16","95-99 years","95-99",345,Not Applicable,Not Applicable
,"Idaho","16","100+ years","100+",67,Not Applicable,Not Applicable
,"Idaho","16","Not Stated","NS",Suppressed,Not Applicable,Not Applicable
,"Illinois","17","< 1 year","1",1550,173288,894.5
,"Illinois","17","1-4 years","1-4",256,708678,36.1
,"Illinois","17","5-9 years","5-9",142,929962,15.3
,"Illinois","17","10-14 years","10-14",158,893453,17.7
,"Illinois","17","15-19 years","15-19",673,893729,75.3
,"Illinois","17","20-24 years","20-24",821,833765,98.5
,"Illinois","17","25-29 years","25-29",861,897285,96.0
,"Illinois","17","30-34 years","30-34",1040,928426,112.0
,"Illinois","17","35-39 years","35-39",1590,1009780,157.5
,"Illinois","17","40-44 years","40-44",2324,977421,237.8
,"Illinois","17","45-49 years","45-49",3139,857556,366.0
,"Illinois","17","50-54 years","50-54",3548,726545,488.3
,"Illinois","17","55-59 years","55-59",4700,567540,828.1
,"Illinois","17","60-64 years ","60-64",6028,461748,1305.5
,"Illinois","17","65-69 years","65-69",8153,400609,2035.2
,"Illinois","17","70-74 years","70-74",11874,377467,3145.7
,"Illinois","17","75-79 years","75-79",15077,315497,4778.8
,"Illinois","17","80-84 years","80-84",16415,217871,7534.3
,"Illinois","17","85-89 years","85-89",15356,Not Applicable,Not Applicable
,"Illinois","17","90-94 years","90-94",9826,Not Applicable,Not Applicable
,"Illinois","17","95-99 years","95-99",4017,Not Applicable,Not Applicable
,"Illinois","17","100+ years","100+",885,Not Applicable,Not Applicable
,"Illinois","17","Not Stated","NS",Suppressed,Not Applicable,Not Applicable
,"Indiana","18","< 1 year","1",686,83904,817.6
,"Indiana","18","1-4 years","1-4",142,337001,42.1
,"Indiana","18","5-9 years","5-9",89,440415,20.2
,"Indiana","18","10-14 years","10-14",101,439078,23.0
,"Indiana","18","15-19 years","15-19",339,455151,74.5
,"Indiana","18","20-24 years","20-24",369,420595,87.7
,"Indiana","18","25-29 years","25-29",407,417385,97.5
,"Indiana","18","30-34 years","30-34",498,419558,118.7
,"Indiana","18","35-39 years","35-39",742,482834,153.7
,"Indiana","18","40-44 years","40-44",1032,479433,215.3
,"Indiana","18","45-49 years","45-49",1452,429304,338.2
,"Indiana","18","50-54 years","50-54",1934,366436,527.8
,"Indiana","18","55-59 years","55-59",2364,288461,819.5
,"Indiana","18","60-64 years ","60-64",3182,234501,1356.9
,"Indiana","18","65-69 years","65-69",4495,204460,2198.5
,"Indiana","18","70-74 years","70-74",6414,192620,3329.9
,"Indiana","18","75-79 years","75-79",7945,158156,5023.5
,"Indiana","18","80-84 years","80-84",8309,105403,7883.1
,"Indiana","18","85-89 years","85-89",7501,Not Applicable,Not Applicable
,"Indiana","18","90-94 years","90-94",4923,Not Applicable,Not Applicable
,"Indiana","18","95-99 years","95-99",1971,Not Applicable,Not Applicable
,"Indiana","18","100+ years","100+",404,Not Applicable,Not Applicable
,"Indiana","18","Not Stated","NS",Suppressed,Not Applicable,Not Applicable
,"Iowa","19","< 1 year","1",215,36894,582.8
,"Iowa","19","1-4 years","1-4",47,149836,31.4
,"Iowa","19","5-9 years","5-9",33,202438,16.3
,"Iowa","19","10-14 years","10-14",37,210410,17.6
,"Iowa","19","15-19 years","15-19",154,228268,67.5
,"Iowa","19","20-24 years","20-24",155,199745,77.6
,"Iowa","19","25-29 years","25-29",133,181811,73.2
,"Iowa","19","30-34 years","30-34",182,184425,98.7
,"Iowa","19","35-39 years","35-39",267,221799,120.4
,"Iowa","19","40-44 years","40-44",393,226687,173.4
,"Iowa","19","45-49 years","45-49",518,209662,247.1
,"Iowa","19","50-54 years","50-54",695,172878,402.0
,"Iowa","19","55-59 years","55-59",923,136955,673.9
,"Iowa","19","60-64 years ","60-64",1308,118821,1100.8
,"Iowa","19","65-69 years","65-69",1950,107971,1806.0
,"Iowa","19","70-74 years","70-74",2818,105306,2676.0
,"Iowa","19","75-79 years","75-79",3951,91808,4303.5
,"Iowa","19","80-84 years","80-84",4741,67138,7061.6
,"Iowa","19","85-89 years","85-89",4584,Not Applicable,Not Applicable
,"Iowa","19","90-94 years","90-94",3369,Not Applicable,Not Applicable
,"Iowa","19","95-99 years","95-99",1557,Not Applicable,Not Applicable
,"Iowa","19","100+ years","100+",381,Not Applicable,Not Applicable
,"Iowa","19","Not Stated","NS",0,Not Applicable,Not Applicable
,"Kansas","20","< 1 year","1",283,37717,750.3
,"Kansas","20","1-4 years","1-4",62,149485,41.5
,"Kansas","20","5-9 years","5-9",28,196167,14.3
,"Kansas","20","10-14 years","10-14",52,204242,25.5
,"Kansas","20","15-19 years","15-19",148,210417,70.3
,"Kansas","20","20-24 years","20-24",181,185908,97.4
,"Kansas","20","25-29 years","25-29",163,175407,92.9
,"Kansas","20","30-34 years","30-34",178,176480,100.9
,"Kansas","20","35-39 years","35-39",306,211714,144.5
,"Kansas","20","40-44 years","40-44",402,212236,189.4
,"Kansas","20","45-49 years","45-49",596,188648,315.9
,"Kansas","20","50-54 years","50-54",698,155509,448.8
,"Kansas","20","55-59 years","55-59",926,118900,778.8
,"Kansas","20","60-64 years ","60-64",1253,98820,1268.0
,"Kansas","20","65-69 years","65-69",1641,90679,1809.7
,"Kansas","20","70-74 years","70-74",2581,86584,2980.9
,"Kansas","20","75-79 years","75-79",3330,75198,4428.3
,"Kansas","20","80-84 years","80-84",3657,52730,6935.3
,"Kansas","20","85-89 years","85-89",3712,Not Applicable,Not Applicable
,"Kansas","20","90-94 years","90-94",2797,Not Applicable,Not Applicable
,"Kansas","20","95-99 years","95-99",1220,Not Applicable,Not Applicable
,"Kansas","20","100+ years","100+",258,Not Applicable,Not Applicable
,"Kansas","20","Not Stated","NS",0,Not Applicable,Not Applicable
,"Kentucky","21","< 1 year","1",411,52771,778.8
,"Kentucky","21","1-4 years","1-4",59,212762,27.7
,"Kentucky","21","5-9 years","5-9",54,279246,19.3
,"Kentucky","21","10-14 years","10-14",67,279093,24.0
,"Kentucky","21","15-19 years","15-19",233,292505,79.7
,"Kentucky","21","20-24 years","20-24",226,280619,80.5
,"Kentucky","21","25-29 years","25-29",280,283190,98.9
,"Kentucky","21","30-34 years","30-34",375,286835,130.7
,"Kentucky","21","35-39 years","35-39",559,323273,172.9
,"Kentucky","21","40-44 years","40-44",819,318015,257.5
,"Kentucky","21","45-49 years","45-49",1081,288496,374.7
,"Kentucky","21","50-54 years","50-54",1475,252943,583.1
,"Kentucky","21","55-59 years","55-59",1952,199700,977.5
,"Kentucky","21","60-64 years ","60-64",2545,166288,1530.5
,"Kentucky","21","65-69 years","65-69",3389,144509,2345.2
,"Kentucky","21","70-74 years","70-74",4553,129509,3515.6
,"Kentucky","21","75-79 years","75-79",5640,103629,5442.5
,"Kentucky","21","80-84 years","80-84",5627,67156,8379.0
,"Kentucky","21","85-89 years","85-89",5160,Not Applicable,Not Applicable
,"Kentucky","21","90-94 years","90-94",3373,Not Applicable,Not Applicable
,"Kentucky","21","95-99 years","95-99",1205,Not Applicable,Not Applicable
,"Kentucky","21","100+ years","100+",235,Not Applicable,Not Applicable
,"Kentucky","21","Not Stated","NS",Suppressed,Not Applicable,Not Applicable
,"Louisiana","22","< 1 year","1",621,64309,965.7
,"Louisiana","22","1-4 years","1-4",125,253052,49.4
,"Louisiana","22","5-9 years","5-9",70,339437,20.6
,"Louisiana","22","10-14 years","10-14",117,350265,33.4
,"Louisiana","22","15-19 years","15-19",336,369278,91.0
,"Louisiana","22","20-24 years","20-24",422,321955,131.1
,"Louisiana","22","25-29 years","25-29",408,300851,135.6
,"Louisiana","22","30-34 years","30-34",549,307731,178.4
,"Louisiana","22","35-39 years","35-39",798,348414,229.0
,"Louisiana","22","40-44 years","40-44",1124,347893,323.1
,"Louisiana","22","45-49 years","45-49",1418,309678,457.9
,"Louisiana","22","50-54 years","50-54",1743,260765,668.4
,"Louisiana","22","55-59 years","55-59",2112,204008,1035.3
,"Louisiana","22","60-64 years ","60-64",2565,169228,1515.7
,"Louisiana","22","65-69 years","65-69",3495,148253,2357.5
,"Louisiana","22","70-74 years","70-74",4777,135380,3528.6
,"Louisiana","22","75-79 years","75-79",5632,105682,5329.2
,"Louisiana","22","80-84 years","80-84",5388,67242,8012.8
,"Louisiana","22","85-89 years","85-89",5003,Not Applicable,Not Applicable
,"Louisiana","22","90-94 years","90-94",3079,Not Applicable,Not Applicable
,"Louisiana","22","95-99 years","95-99",1201,Not Applicable,Not Applicable
,"Louisiana","22","100+ years","100+",255,Not Applicable,Not Applicable
,"Louisiana","22","Not Stated","NS",0,Not Applicable,Not Applicable
,"Maine","23","< 1 year","1",66,13349,494.4
,"Maine","23","1-4 years","1-4",12,57179,Unreliable
,"Maine","23","5-9 years","5-9",10,84608,Unreliable
,"Maine","23","10-14 years","10-14",20,92200,21.7
,"Maine","23","15-19 years","15-19",68,89060,76.4
,"Maine","23","20-24 years","20-24",56,69702,80.3
,"Maine","23","25-29 years","25-29",49,73574,66.6
,"Maine","23","30-34 years","30-34",93,85762,108.4
,"Maine","23","35-39 years","35-39",125,105434,118.6
,"Maine","23","40-44 years","40-44",184,108096,170.2
,"Maine","23","45-49 years","45-49",258,99910,258.2
,"Maine","23","50-54 years","50-54",375,86441,433.8
,"Maine","23","55-59 years","55-59",446,65724,678.6
,"Maine","23","60-64 years ","60-64",671,54088,1240.6
,"Maine","23","65-69 years","65-69",980,49907,1963.7
,"Maine","23","70-74 years","70-74",1432,46067,3108.5
,"Maine","23","75-79 years","75-79",1766,37396,4722.4
,"Maine","23","80-84 years","80-84",1934,25428,7605.8
,"Maine","23","85-89 years","85-89",1791,Not Applicable,Not Applicable
,"Maine","23","90-94 years","90-94",1307,Not Applicable,Not Applicable
,"Maine","23","95-99 years","95-99",494,Not Applicable,Not Applicable
,"Maine","23","100+ years","100+",124,Not Applicable,Not Applicable
,"Maine","23","Not Stated","NS",0,Not Applicable,Not Applicable
,"Maryland","24","< 1 year","1",601,69781,861.3
,"Maryland","24","1-4 years","1-4",84,284850,29.5
,"Maryland","24","5-9 years","5-9",59,394395,15.0
,"Maryland","24","10-14 years","10-14",70,383228,18.3
,"Maryland","24","15-19 years","15-19",293,350607,83.6
,"Maryland","24","20-24 years","20-24",347,307768,112.7
,"Maryland","24","25-29 years","25-29",396,347652,113.9
,"Maryland","24","30-34 years","30-34",533,416285,128.0
,"Maryland","24","35-39 years","35-39",916,467375,196.0
,"Maryland","24","40-44 years","40-44",1187,444074,267.3
,"Maryland","24","45-49 years","45-49",1440,391066,368.2
,"Maryland","24","50-54 years","50-54",1739,343624,506.1
,"Maryland","24","55-59 years","55-59",2065,260362,793.1
,"Maryland","24","60-64 years ","60-64",2464,198420,1241.8
,"Maryland","24","65-69 years","65-69",3463,168369,2056.8
,"Maryland","24","70-74 years","70-74",4703,153202,3069.8
,"Maryland","24","75-79 years","75-79",6105,127069,4804.5
,"Maryland","24","80-84 years","80-84",6187,80829,7654.4
,"Maryland","24","85-89 years","85-89",5307,Not Applicable,Not Applicable
,"Maryland","24","90-94 years","90-94",3519,Not Applicable,Not Applicable
,"Maryland","24","95-99 years","95-99",1328,Not Applicable,Not Applicable
,"Maryland","24","100+ years","100+",257,Not Applicable,Not Applicable
,"Maryland","24","Not Stated","NS",26,Not Applicable,Not Applicable
,"Massachusetts","25","< 1 year","1",417,77731,536.5
,"Massachusetts","25","1-4 years","1-4",65,321520,20.2
,"Massachusetts","25","5-9 years","5-9",42,435970,9.6
,"Massachusetts","25","10-14 years","10-14",58,422958,13.7
,"Massachusetts","25","15-19 years","15-19",176,408407,43.1
,"Massachusetts","25","20-24 years","20-24",237,396060,59.8
,"Massachusetts","25","25-29 years","25-29",273,455310,60.0
,"Massachusetts","25","30-34 years","30-34",431,499442,86.3
,"Massachusetts","25","35-39 years","35-39",684,542130,126.2
,"Massachusetts","25","40-44 years","40-44",1014,515100,196.9
,"Massachusetts","25","45-49 years","45-49",1244,452495,274.9
,"Massachusetts","25","50-54 years","50-54",1630,397395,410.2
,"Massachusetts","25","55-59 years","55-59",2034,299408,679.3
,"Massachusetts","25","60-64 years ","60-64",2531,235075,1076.7
,"Massachusetts","25","65-69 years","65-69",3946,217857,1811.3
,"Massachusetts","25","70-74 years","70-74",5856,213185,2746.9
,"Massachusetts","25","75-79 years","75-79",8019,183528,4369.4
,"Massachusetts","25","80-84 years","80-84",9401,129117,7281.0
,"Massachusetts","25","85-89 years","85-89",8691,Not Applicable,Not Applicable
,"Massachusetts","25","90-94 years","90-94",5966,Not Applicable,Not Applicable
,"Massachusetts","25","95-99 years","95-99",2523,Not Applicable,Not Applicable
,"Massachusetts","25","100+ years","100+",602,Not Applicable,Not Applicable
,"Massachusetts","25","Not Stated","NS",0,Not Applicable,Not Applicable
,"Michigan","26","< 1 year","1",1077,130339,826.3
,"Michigan","26","1-4 years","1-4",201,541478,37.1
,"Michigan","26","5-9 years","5-9",125,752758,16.6
,"Michigan","26","10-14 years","10-14",136,737022,18.5
,"Michigan","26","15-19 years","15-19",447,719575,62.1
,"Michigan","26","20-24 years","20-24",628,638082,98.4
,"Michigan","26","25-29 years","25-29",665,667971,99.6
,"Michigan","26","30-34 years","30-34",826,709928,116.3
,"Michigan","26","35-39 years","35-39",1299,797517,162.9
,"Michigan","26","40-44 years","40-44",2021,807841,250.2
,"Michigan","26","45-49 years","45-49",2684,721311,372.1
,"Michigan","26","50-54 years","50-54",3220,608876,528.8
,"Michigan","26","55-59 years","55-59",3957,474708,833.6
,"Michigan","26","60-64 years ","60-64",4882,375136,1301.4
,"Michigan","26","65-69 years","65-69",6880,329896,2085.5
,"Michigan","26","70-74 years","70-74",9874,315575,3128.9
,"Michigan","26","75-79 years","75-79",12585,257831,4881.1
,"Michigan","26","80-84 years","80-84",13297,171488,7753.9
,"Michigan","26","85-89 years","85-89",11732,Not Applicable,Not Applicable
,"Michigan","26","90-94 years","90-94",7289,Not Applicable,Not Applicable
,"Michigan","26","95-99 years","95-99",2831,Not Applicable,Not Applicable
,"Michigan","26","100+ years","100+",571,Not Applicable,Not Applicable
,"Michigan","26","Not Stated","NS",Suppressed,Not Applicable,Not Applicable
,"Minnesota","27","< 1 year","1",408,64417,633.4
,"Minnesota","27","1-4 years","1-4",77,262184,29.4
,"Minnesota","27","5-9 years","5-9",71,357216,19.9
,"Minnesota","27","10-14 years","10-14",60,374016,16.0
,"Minnesota","27","15-19 years","15-19",216,371672,58.1
,"Minnesota","27","20-24 years","20-24",201,313553,64.1
,"Minnesota","27","25-29 years","25-29",186,320629,58.0
,"Minnesota","27","30-34 years","30-34",306,355280,86.1
,"Minnesota","27","35-39 years","35-39",480,418658,114.7
,"Minnesota","27","40-44 years","40-44",649,404383,160.5
,"Minnesota","27","45-49 years","45-49",899,355713,252.7
,"Minnesota","27","50-54 years","50-54",1027,287632,357.1
,"Minnesota","27","55-59 years","55-59",1409,220470,639.1
,"Minnesota","27","60-64 years ","60-64",1775,175359,1012.2
,"Minnesota","27","65-69 years","65-69",2479,152718,1623.3
,"Minnesota","27","70-74 years","70-74",3746,142717,2624.8
,"Minnesota","27","75-79 years","75-79",5071,122493,4139.8
,"Minnesota","27","80-84 years","80-84",6240,89554,6967.9
,"Minnesota","27","85-89 years","85-89",6342,Not Applicable,Not Applicable
,"Minnesota","27","90-94 years","90-94",4523,Not Applicable,Not Applicable
,"Minnesota","27","95-99 years","95-99",1900,Not Applicable,Not Applicable
,"Minnesota","27","100+ years","100+",470,Not Applicable,Not Applicable
,"Minnesota","27","Not Stated","NS",Suppressed,Not Applicable,Not Applicable
,"Mississippi","28","< 1 year","1",433,41147,1052.3
,"Mississippi","28","1-4 years","1-4",92,162641,56.6
,"Mississippi","28","5-9 years","5-9",59,216879,27.2
,"Mississippi","28","10-14 years","10-14",79,217856,36.3
,"Mississippi","28","15-19 years","15-19",245,235794,103.9
,"Mississippi","28","20-24 years","20-24",290,211246,137.3
,"Mississippi","28","25-29 years","25-29",292,196174,148.8
,"Mississippi","28","30-34 years","30-34",335,186325,179.8
,"Mississippi","28","35-39 years","35-39",516,213445,241.7
,"Mississippi","28","40-44 years","40-44",776,211168,367.5
,"Mississippi","28","45-49 years","45-49",910,187919,484.3
,"Mississippi","28","50-54 years","50-54",1147,163110,703.2
,"Mississippi","28","55-59 years","55-59",1488,129504,1149.0
,"Mississippi","28","60-64 years ","60-64",1796,112865,1591.3
,"Mississippi","28","65-69 years","65-69",2420,97932,2471.1
,"Mississippi","28","70-74 years","70-74",3255,87491,3720.4
,"Mississippi","28","75-79 years","75-79",3675,68746,5345.8
,"Mississippi","28","80-84 years","80-84",3706,45900,8074.1
,"Mississippi","28","85-89 years","85-89",3508,Not Applicable,Not Applicable
,"Mississippi","28","90-94 years","90-94",2160,Not Applicable,Not Applicable
,"Mississippi","28","95-99 years","95-99",813,Not Applicable,Not Applicable
,"Mississippi","28","100+ years","100+",190,Not Applicable,Not Applicable
,"Mississippi","28","Not Stated","NS",0,Not Applicable,Not Applicable
,"Missouri","29","< 1 year","1",585,72433,807.6
,"Missouri","29","1-4 years","1-4",87,296696,29.3
,"Missouri","29","5-9 years","5-9",67,401327,16.7
,"Missouri","29","10-14 years","10-14",96,410286,23.4
,"Missouri","29","15-19 years","15-19",378,413459,91.4
,"Missouri","29","20-24 years","20-24",347,362424,95.7
,"Missouri","29","25-29 years","25-29",382,365607,104.5
,"Missouri","29","30-34 years","30-34",482,378212,127.4
,"Missouri","29","35-39 years","35-39",831,449019,185.1
,"Missouri","29","40-44 years","40-44",1101,437805,251.5
,"Missouri","29","45-49 years","45-49",1382,386754,357.3
,"Missouri","29","50-54 years","50-54",1807,334433,540.3
,"Missouri","29","55-59 years","55-59",2329,272809,853.7
,"Missouri","29","60-64 years ","60-64",3102,226460,1369.8
,"Missouri","29","65-69 years","65-69",4502,205558,2190.1
,"Missouri","29","70-74 years","70-74",6097,188365,3236.8
,"Missouri","29","75-79 years","75-79",7743,156690,4941.6
,"Missouri","29","80-84 years","80-84",8364,105892,7898.6
,"Missouri","29","85-89 years","85-89",8143,Not Applicable,Not Applicable
,"Missouri","29","90-94 years","90-94",5449,Not Applicable,Not Applicable
,"Missouri","29","95-99 years","95-99",2179,Not Applicable,Not Applicable
,"Missouri","29","100+ years","100+",477,Not Applicable,Not Applicable
,"Missouri","29","Not Stated","NS",Suppressed,Not Applicable,Not Applicable
,"Montana","30","< 1 year","1",72,10618,678.1
,"Montana","30","1-4 years","1-4",16,44073,Unreliable
,"Montana","30","5-9 years","5-9",13,62616,Unreliable
,"Montana","30","10-14 years","10-14",19,69715,Unreliable
,"Montana","30","15-19 years","15-19",70,71658,97.7
,"Montana","30","20-24 years","20-24",63,57847,108.9
,"Montana","30","25-29 years","25-29",50,50508,99.0
,"Montana","30","30-34 years","30-34",57,52055,109.5
,"Montana","30","35-39 years","35-39",96,68606,139.9
,"Montana","30","40-44 years","40-44",169,75619,223.5
,"Montana","30","45-49 years","45-49",195,72177,270.2
,"Montana","30","50-54 years","50-54",275,58828,467.5
,"Montana","30","55-59 years","55-59",328,45838,715.6
,"Montana","30","60-64 years ","60-64",429,37398,1147.1
,"Montana","30","65-69 years","65-69",624,32374,1927.5
,"Montana","30","70-74 years","70-74",868,29859,2907.0
,"Montana","30","75-79 years","75-79",1142,24703,4622.9
,"Montana","30","80-84 years","80-84",1301,18014,7222.2
,"Montana","30","85-89 years","85-89",1161,Not Applicable,Not Applicable
,"Montana","30","90-94 years","90-94",804,Not Applicable,Not Applicable
,"Montana","30","95-99 years","95-99",312,Not Applicable,Not Applicable
,"Montana","30","100+ years","100+",63,Not Applicable,Not Applicable
,"Montana","30","Not Stated","NS",Suppressed,Not Applicable,Not Applicable
,"Nebraska","31","< 1 year","1",163,23110,705.3
,"Nebraska","31","1-4 years","1-4",29,93224,31.1
,"Nebraska","31","5-9 years","5-9",25,124124,20.1
,"Nebraska","31","10-14 years","10-14",24,129603,18.5
,"Nebraska","31","15-19 years","15-19",111,135215,82.1
,"Nebraska","31","20-24 years","20-24",91,118151,77.0
,"Nebraska","31","25-29 years","25-29",80,111807,71.6
,"Nebraska","31","30-34 years","30-34",114,111440,102.3
,"Nebraska","31","35-39 years","35-39",189,132900,142.2
,"Nebraska","31","40-44 years","40-44",245,133007,184.2
,"Nebraska","31","45-49 years","45-49",304,120758,251.7
,"Nebraska","31","50-54 years","50-54",404,98618,409.7
,"Nebraska","31","55-59 years","55-59",543,75854,715.8
,"Nebraska","31","60-64 years ","60-64",755,64422,1172.0
,"Nebraska","31","65-69 years","65-69",1120,59730,1875.1
,"Nebraska","31","70-74 years","70-74",1588,56690,2801.2
,"Nebraska","31","75-79 years","75-79",2075,47817,4339.5
,"Nebraska","31","80-84 years","80-84",2511,34439,7291.2
,"Nebraska","31","85-89 years","85-89",2447,Not Applicable,Not Applicable
,"Nebraska","31","90-94 years","90-94",1807,Not Applicable,Not Applicable
,"Nebraska","31","95-99 years","95-99",767,Not Applicable,Not Applicable
,"Nebraska","31","100+ years","100+",187,Not Applicable,Not Applicable
,"Nebraska","31","Not Stated","NS",0,Not Applicable,Not Applicable
,"Nevada","32","< 1 year","1",193,28837,669.3
,"Nevada","32","1-4 years","1-4",50,113247,44.2
,"Nevada","32","5-9 years","5-9",25,144042,17.4
,"Nevada","32","10-14 years","10-14",21,132843,15.8
,"Nevada","32","15-19 years","15-19",94,122575,76.7
,"Nevada","32","20-24 years","20-24",121,123045,98.3
,"Nevada","32","25-29 years","25-29",150,144007,104.2
,"Nevada","32","30-34 years","30-34",188,158717,118.4
,"Nevada","32","35-39 years","35-39",331,163817,202.1
,"Nevada","32","40-44 years","40-44",400,151337,264.3
,"Nevada","32","45-49 years","45-49",554,134314,412.5
,"Nevada","32","50-54 years","50-54",666,122075,545.6
,"Nevada","32","55-59 years","55-59",879,100088,878.2
,"Nevada","32","60-64 years ","60-64",1185,81732,1449.9
,"Nevada","32","65-69 years","65-69",1526,70207,2173.6
,"Nevada","32","70-74 years","70-74",1957,59520,3288.0
,"Nevada","32","75-79 years","75-79",2225,43555,5108.5
,"Nevada","32","80-84 years","80-84",2024,24426,8286.3
,"Nevada","32","85-89 years","85-89",1432,Not Applicable,Not Applicable
,"Nevada","32","90-94 years","90-94",763,Not Applicable,Not Applicable
,"Nevada","32","95-99 years","95-99",241,Not Applicable,Not Applicable
,"Nevada","32","100+ years","100+",50,Not Applicable,Not Applicable
,"Nevada","32","Not Stated","NS",Suppressed,Not Applicable,Not Applicable
,"New Hampshire","33","< 1 year","1",82,14019,584.9
,"New Hampshire","33","1-4 years","1-4",16,61767,Unreliable
,"New Hampshire","33","5-9 years","5-9",10,89400,Unreliable
,"New Hampshire","33","10-14 years","10-14",12,91850,Unreliable
,"New Hampshire","33","15-19 years","15-19",38,85086,44.7
,"New Hampshire","33","20-24 years","20-24",56,67321,83.2
,"New Hampshire","33","25-29 years","25-29",48,73597,65.2
,"New Hampshire","33","30-34 years","30-34",76,88800,85.6
,"New Hampshire","33","35-39 years","35-39",100,111031,90.1
,"New Hampshire","33","40-44 years","40-44",181,109702,165.0
,"New Hampshire","33","45-49 years","45-49",227,95212,238.4
,"New Hampshire","33","50-54 years","50-54",333,81814,407.0
,"New Hampshire","33","55-59 years","55-59",392,59876,654.7
,"New Hampshire","33","60-64 years ","60-64",515,45930,1121.3
,"New Hampshire","33","65-69 years","65-69",764,40928,1866.7
,"New Hampshire","33","70-74 years","70-74",1059,37071,2856.7
,"New Hampshire","33","75-79 years","75-79",1334,30261,4408.3
,"New Hampshire","33","80-84 years","80-84",1476,20476,7208.4
,"New Hampshire","33","85-89 years","85-89",1368,Not Applicable,Not Applicable
,"New Hampshire","33","90-94 years","90-94",968,Not Applicable,Not Applicable
,"New Hampshire","33","95-99 years","95-99",392,Not Applicable,Not Applicable
,"New Hampshire","33","100+ years","100+",90,Not Applicable,Not Applicable
,"New Hampshire","33","Not Stated","NS",0,Not Applicable,Not Applicable
,"New Jersey","34","< 1 year","1",766,110153,695.4
,"New Jersey","34","1-4 years","1-4",134,452423,29.6
,"New Jersey","34","5-9 years","5-9",72,604736,11.9
,"New Jersey","34","10-14 years","10-14",74,574638,12.9
,"New Jersey","34","15-19 years","15-19",228,521754,43.7
,"New Jersey","34","20-24 years","20-24",345,477874,72.2
,"New Jersey","34","25-29 years","25-29",415,548811,75.6
,"New Jersey","34","30-34 years","30-34",687,656599,104.6
,"New Jersey","34","35-39 years","35-39",1153,733237,157.2
,"New Jersey","34","40-44 years","40-44",1617,697929,231.7
,"New Jersey","34","45-49 years","45-49",1986,598841,331.6
,"New Jersey","34","50-54 years","50-54",2548,532295,478.7
,"New Jersey","34","55-59 years","55-59",3071,412789,744.0
,"New Jersey","34","60-64 years ","60-64",3823,328290,1164.5
,"New Jersey","34","65-69 years","65-69",5674,295460,1920.4
,"New Jersey","34","70-74 years","70-74",8341,283383,2943.4
,"New Jersey","34","75-79 years","75-79",10757,237613,4527.1
,"New Jersey","34","80-84 years","80-84",11801,160064,7372.7
,"New Jersey","34","85-89 years","85-89",10682,Not Applicable,Not Applicable
,"New Jersey","34","90-94 years","90-94",6742,Not Applicable,Not Applicable
,"New Jersey","34","95-99 years","95-99",2535,Not Applicable,Not Applicable
,"New Jersey","34","100+ years","100+",522,Not Applicable,Not Applicable
,"New Jersey","34","Not Stated","NS",Suppressed,Not Applicable,Not Applicable
,"New Mexico","35","< 1 year","1",188,26508,709.2
,"New Mexico","35","1-4 years","1-4",33,104996,31.4
,"New Mexico","35","5-9 years","5-9",33,142803,23.1
,"New Mexico","35","10-14 years","10-14",37,147076,25.2
,"New Mexico","35","15-19 years","15-19",153,146003,104.8
,"New Mexico","35","20-24 years","20-24",149,120174,124.0
,"New Mexico","35","25-29 years","25-29",142,114570,123.9
,"New Mexico","35","30-34 years","30-34",202,120209,168.0
,"New Mexico","35","35-39 years","35-39",305,143231,212.9
,"New Mexico","35","40-44 years","40-44",380,140390,270.7
,"New Mexico","35","45-49 years","45-49",500,128839,388.1
,"New Mexico","35","50-54 years","50-54",525,109867,477.9
,"New Mexico","35","55-59 years","55-59",588,84247,697.9
,"New Mexico","35","60-64 years ","60-64",767,70757,1084.0
,"New Mexico","35","65-69 years","65-69",1095,62428,1754.0
,"New Mexico","35","70-74 years","70-74",1466,53956,2717.0
,"New Mexico","35","75-79 years","75-79",1833,42474,4315.6
,"New Mexico","35","80-84 years","80-84",1917,27017,7095.5
,"New Mexico","35","85-89 years","85-89",1716,Not Applicable,Not Applicable
,"New Mexico","35","90-94 years","90-94",1142,Not Applicable,Not Applicable
,"New Mexico","35","95-99 years","95-99",409,Not Applicable,Not Applicable
,"New Mexico","35","100+ years","100+",88,Not Applicable,Not Applicable
,"New Mexico","35","Not Stated","NS",Suppressed,Not Applicable,Not Applicable
,"New York","36","< 1 year","1",1627,243244,668.9
,"New York","36","1-4 years","1-4",288,1002915,28.7
,"New York","36","5-9 years","5-9",192,1363341,14.1
,"New York","36","10-14 years","10-14",231,1302892,17.7
,"New York","36","15-19 years","15-19",662,1275530,51.9
,"New York","36","20-24 years","20-24",873,1230168,71.0
,"New York","36","25-29 years","25-29",1006,1336334,75.3
,"New York","36","30-34 years","30-34",1520,1468598,103.5
,"New York","36","35-39 years","35-39",2305,1577435,146.1
,"New York","36","40-44 years","40-44",3412,1492389,228.6
,"New York","36","45-49 years","45-49",4510,1320845,341.4
,"New York","36","50-54 years","50-54",5835,1174240,496.9
,"New York","36","55-59 years","55-59",7054,913115,772.5
,"New York","36","60-64 years ","60-64",8898,751924,1183.4
,"New York","36","65-69 years","65-69",12132,658226,1843.1
,"New York","36","70-74 years","70-74",17696,617661,2865.0
,"New York","36","75-79 years","75-79",22080,507065,4354.5
,"New York","36","80-84 years","80-84",24038,342188,7024.8
,"New York","36","85-89 years","85-89",22825,Not Applicable,Not Applicable
,"New York","36","90-94 years","90-94",15136,Not Applicable,Not Applicable
,"New York","36","95-99 years","95-99",6201,Not Applicable,Not Applicable
,"New York","36","100+ years","100+",1382,Not Applicable,Not Applicable
,"New York","36","Not Stated","NS",24,Not Applicable,Not Applicable
,"North Carolina","37","< 1 year","1",1038,109781,945.5
,"North Carolina","37","1-4 years","1-4",148,419508,35.3
,"North Carolina","37","5-9 years","5-9",117,558932,20.9
,"North Carolina","37","10-14 years","10-14",109,536658,20.3
,"North Carolina","37","15-19 years","15-19",412,533703,77.2
,"North Carolina","37","20-24 years","20-24",612,565355,108.3
,"North Carolina","37","25-29 years","25-29",584,613187,95.2
,"North Carolina","37","30-34 years","30-34",734,605279,121.3
,"North Carolina","37","35-39 years","35-39",1185,655682,180.7
,"North Carolina","37","40-44 years","40-44",1618,623687,259.4
,"North Carolina","37","45-49 years","45-49",2135,558808,382.1
,"North Carolina","37","50-54 years","50-54",2796,497191,562.4
,"North Carolina","37","55-59 years","55-59",3399,388238,875.5
,"North Carolina","37","60-64 years ","60-64",4369,321589,1358.6
,"North Carolina","37","65-69 years","65-69",5984,281436,2126.2
,"North Carolina","37","70-74 years","70-74",8097,250505,3232.3
,"North Carolina","37","75-79 years","75-79",9867,199555,4944.5
,"North Carolina","37","80-84 years","80-84",9937,126707,7842.5
,"North Carolina","37","85-89 years","85-89",8784,Not Applicable,Not Applicable
,"North Carolina","37","90-94 years","90-94",5299,Not Applicable,Not Applicable
,"North Carolina","37","95-99 years","95-99",1957,Not Applicable,Not Applicable
,"North Carolina","37","100+ years","100+",411,Not Applicable,Not Applicable
,"North Carolina","37","Not Stated","NS",Suppressed,Not Applicable,Not Applicable
,"North Dakota","38","< 1 year","1",52,7547,689.0
,"North Dakota","38","1-4 years","1-4",17,32285,Unreliable
,"North Dakota","38","5-9 years","5-9",Suppressed,43592,Suppressed
,"North Dakota","38","10-14 years","10-14",Suppressed,48152,Suppressed
,"North Dakota","38","15-19 years","15-19",38,54178,70.1
,"North Dakota","38","20-24 years","20-24",46,49765,92.4
,"North Dakota","38","25-29 years","25-29",31,39953,77.6
,"North Dakota","38","30-34 years","30-34",40,38532,103.8
,"North Dakota","38","35-39 years","35-39",54,48510,111.3
,"North Dakota","38","40-44 years","40-44",96,51351,186.9
,"North Dakota","38","45-49 years","45-49",113,46436,243.3
,"North Dakota","38","50-54 years","50-54",139,36468,381.2
,"North Dakota","38","55-59 years","55-59",209,28259,739.6
,"North Dakota","38","60-64 years ","60-64",279,24860,1122.3
,"North Dakota","38","65-69 years","65-69",394,23242,1695.2
,"North Dakota","38","70-74 years","70-74",593,22820,2598.6
,"North Dakota","38","75-79 years","75-79",805,19071,4221.1
,"North Dakota","38","80-84 years","80-84",974,14680,6634.9
,"North Dakota","38","85-89 years","85-89",1045,Not Applicable,Not Applicable
,"North Dakota","38","90-94 years","90-94",759,Not Applicable,Not Applicable
,"North Dakota","38","95-99 years","95-99",326,Not Applicable,Not Applicable
,"North Dakota","38","100+ years","100+",81,Not Applicable,Not Applicable
,"North Dakota","38","Not Stated","NS",0,Not Applicable,Not Applicable
,"Ohio","39","< 1 year","1",1244,148182,839.5
,"Ohio","39","1-4 years","1-4",192,609007,31.5
,"Ohio","39","5-9 years","5-9",131,820559,16.0
,"Ohio","39","10-14 years","10-14",137,823530,16.6
,"Ohio","39","15-19 years","15-19",529,820849,64.4
,"Ohio","39","20-24 years","20-24",594,724016,82.0
,"Ohio","39","25-29 years","25-29",625,751195,83.2
,"Ohio","39","30-34 years","30-34",851,788462,107.9
,"Ohio","39","35-39 years","35-39",1382,897269,154.0
,"Ohio","39","40-44 years","40-44",2143,919604,233.0
,"Ohio","39","45-49 years","45-49",2753,821791,335.0
,"Ohio","39","50-54 years","50-54",3576,702962,508.7
,"Ohio","39","55-59 years","55-59",4511,546215,825.9
,"Ohio","39","60-64 years ","60-64",6104,456222,1337.9
,"Ohio","39","65-69 years","65-69",8683,405056,2143.7
,"Ohio","39","70-74 years","70-74",13065,391012,3341.3
,"Ohio","39","75-79 years","75-79",16207,322507,5025.3
,"Ohio","39","80-84 years","80-84",16866,213209,7910.5
,"Ohio","39","85-89 years","85-89",14986,Not Applicable,Not Applicable
,"Ohio","39","90-94 years","90-94",9519,Not Applicable,Not Applicable
,"Ohio","39","95-99 years","95-99",3646,Not Applicable,Not Applicable
,"Ohio","39","100+ years","100+",771,Not Applicable,Not Applicable
,"Ohio","39","Not Stated","NS",Suppressed,Not Applicable,Not Applicable
,"Oklahoma","40","< 1 year","1",417,47326,881.1
,"Oklahoma","40","1-4 years","1-4",98,186830,52.5
,"Oklahoma","40","5-9 years","5-9",50,247229,20.2
,"Oklahoma","40","10-14 years","10-14",63,253035,24.9
,"Oklahoma","40","15-19 years","15-19",235,270348,86.9
,"Oklahoma","40","20-24 years","20-24",267,244428,109.2
,"Oklahoma","40","25-29 years","25-29",259,230375,112.4
,"Oklahoma","40","30-34 years","30-34",339,222269,152.5
,"Oklahoma","40","35-39 years","35-39",500,264617,189.0
,"Oklahoma","40","40-44 years","40-44",751,262529,286.1
,"Oklahoma","40","45-49 years","45-49",964,235774,408.9
,"Oklahoma","40","50-54 years","50-54",1200,206895,580.0
,"Oklahoma","40","55-59 years","55-59",1594,169020,943.1
,"Oklahoma","40","60-64 years ","60-64",2043,142567,1433.0
,"Oklahoma","40","65-69 years","65-69",2777,128285,2164.7
,"Oklahoma","40","70-74 years","70-74",3797,113578,3343.1
,"Oklahoma","40","75-79 years","75-79",4824,93343,5168.0
,"Oklahoma","40","80-84 years","80-84",4996,61804,8083.6
,"Oklahoma","40","85-89 years","85-89",4817,Not Applicable,Not Applicable
,"Oklahoma","40","90-94 years","90-94",3248,Not Applicable,Not Applicable
,"Oklahoma","40","95-99 years","95-99",1222,Not Applicable,Not Applicable
,"Oklahoma","40","100+ years","100+",234,Not Applicable,Not Applicable
,"Oklahoma","40","Not Stated","NS",Suppressed,Not Applicable,Not Applicable
,"Oregon","41","< 1 year","1",261,43923,594.2
,"Oregon","41","1-4 years","1-4",49,177536,27.6
,"Oregon","41","5-9 years","5-9",42,234335,17.9
,"Oregon","41","10-14 years","10-14",53,240424,22.0
,"Oregon","41","15-19 years","15-19",134,244611,54.8
,"Oregon","41","20-24 years","20-24",158,225328,70.1
,"Oregon","41","25-29 years","25-29",188,232622,80.8
,"Oregon","41","30-34 years","30-34",236,234262,100.7
,"Oregon","41","35-39 years","35-39",379,260244,145.6
,"Oregon","41","40-44 years","40-44",547,273153,200.3
,"Oregon","41","45-49 years","45-49",813,268975,302.3
,"Oregon","41","50-54 years","50-54",1036,226015,458.4
,"Oregon","41","55-59 years","55-59",1156,167191,691.4
,"Oregon","41","60-64 years ","60-64",1490,128772,1157.1
,"Oregon","41","65-69 years","65-69",2056,112788,1822.9
,"Oregon","41","70-74 years","70-74",3155,107314,2940.0
,"Oregon","41","75-79 years","75-79",4310,94830,4545.0
,"Oregon","41","80-84 years","80-84",4757,65433,7270.0
,"Oregon","41","85-89 years","85-89",4439,Not Applicable,Not Applicable
,"Oregon","41","90-94 years","90-94",2854,Not Applicable,Not Applicable
,"Oregon","41","95-99 years","95-99",1069,Not Applicable,Not Applicable
,"Oregon","41","100+ years","100+",240,Not Applicable,Not Applicable
,"Oregon","41","Not Stated","NS",0,Not Applicable,Not Applicable
,"Pennsylvania","42","< 1 year","1",1058,140732,751.8
,"Pennsylvania","42","1-4 years","1-4",183,591206,31.0
,"Pennsylvania","42","5-9 years","5-9",151,838719,18.0
,"Pennsylvania","42","10-14 years","10-14",142,856318,16.6
,"Pennsylvania","42","15-19 years","15-19",546,848682,64.3
,"Pennsylvania","42","20-24 years","20-24",747,740343,100.9
,"Pennsylvania","42","25-29 years","25-29",693,760654,91.1
,"Pennsylvania","42","30-34 years","30-34",969,829015,116.9
,"Pennsylvania","42","35-39 years","35-39",1542,964553,159.9
,"Pennsylvania","42","40-44 years","40-44",2273,993222,228.9
,"Pennsylvania","42","45-49 years","45-49",2994,891134,336.0
,"Pennsylvania","42","50-54 years","50-54",3883,767932,505.6
,"Pennsylvania","42","55-59 years","55-59",4991,608509,820.2
,"Pennsylvania","42","60-64 years ","60-64",6451,512226,1259.4
,"Pennsylvania","42","65-69 years","65-69",9741,486942,2000.4
,"Pennsylvania","42","70-74 years","70-74",15098,495142,3049.2
,"Pennsylvania","42","75-79 years","75-79",19842,419105,4734.4
,"Pennsylvania","42","80-84 years","80-84",21791,287136,7589.1
,"Pennsylvania","42","85-89 years","85-89",19603,Not Applicable,Not Applicable
,"Pennsylvania","42","90-94 years","90-94",12146,Not Applicable,Not Applicable
,"Pennsylvania","42","95-99 years","95-99",4502,Not Applicable,Not Applicable
,"Pennsylvania","42","100+ years","100+",925,Not Applicable,Not Applicable
,"Pennsylvania","42","Not Stated","NS",12,Not Applicable,Not Applicable
,"Rhode Island","44","< 1 year","1",71,12244,579.9
,"Rhode Island","44","1-4 years","1-4",12,52027,Unreliable
,"Rhode Island","44","5-9 years","5-9",15,72625,Unreliable
,"Rhode Island","44","10-14 years","10-14",10,69692,Unreliable
,"Rhode Island","44","15-19 years","15-19",30,73898,40.6
,"Rhode Island","44","20-24 years","20-24",40,69602,57.5
,"Rhode Island","44","25-29 years","25-29",41,69058,59.4
,"Rhode Island","44","30-34 years","30-34",63,74605,84.4
,"Rhode Island","44","35-39 years","35-39",143,85892,166.5
,"Rhode Island","44","40-44 years","40-44",163,83913,194.2
,"Rhode Island","44","45-49 years","45-49",198,73294,270.1
,"Rhode Island","44","50-54 years","50-54",284,63917,444.3
,"Rhode Island","44","55-59 years","55-59",336,48135,698.0
,"Rhode Island","44","60-64 years ","60-64",454,38740,1171.9
,"Rhode Island","44","65-69 years","65-69",643,36565,1758.5
,"Rhode Island","44","70-74 years","70-74",1090,38437,2835.8
,"Rhode Island","44","75-79 years","75-79",1413,33734,4188.7
,"Rhode Island","44","80-84 years","80-84",1615,23522,6865.9
,"Rhode Island","44","85-89 years","85-89",1575,Not Applicable,Not Applicable
,"Rhode Island","44","90-94 years","90-94",1054,Not Applicable,Not Applicable
,"Rhode Island","44","95-99 years","95-99",366,Not Applicable,Not Applicable
,"Rhode Island","44","100+ years","100+",89,Not Applicable,Not Applicable
,"Rhode Island","44","Not Stated","NS",Suppressed,Not Applicable,Not Applicable
,"South Carolina","45","< 1 year","1",563,53472,1052.9
,"South Carolina","45","1-4 years","1-4",94,208594,45.1
,"South Carolina","45","5-9 years","5-9",50,289113,17.3
,"South Carolina","45","10-14 years","10-14",79,285947,27.6
,"South Carolina","45","15-19 years","15-19",244,295241,82.6
,"South Carolina","45","20-24 years","20-24",312,278087,112.2
,"South Carolina","45","25-29 years","25-29",324,282219,114.8
,"South Carolina","45","30-34 years","30-34",406,282553,143.7
,"South Carolina","45","35-39 years","35-39",673,314683,213.9
,"South Carolina","45","40-44 years","40-44",972,307600,316.0
,"South Carolina","45","45-49 years","45-49",1327,281896,470.7
,"South Carolina","45","50-54 years","50-54",1657,252394,656.5
,"South Carolina","45","55-59 years","55-59",1983,199582,993.6
,"South Carolina","45","60-64 years ","60-64",2539,163432,1553.6
,"South Carolina","45","65-69 years","65-69",3241,145052,2234.4
,"South Carolina","45","70-74 years","70-74",4220,124344,3393.8
,"South Carolina","45","75-79 years","75-79",5109,99953,5111.4
,"South Carolina","45","80-84 years","80-84",4786,61867,7735.9
,"South Carolina","45","85-89 years","85-89",4073,Not Applicable,Not Applicable
,"South Carolina","45","90-94 years","90-94",2364,Not Applicable,Not Applicable
,"South Carolina","45","95-99 years","95-99",843,Not Applicable,Not Applicable
,"South Carolina","45","100+ years","100+",192,Not Applicable,Not Applicable
,"South Carolina","45","Not Stated","NS",Suppressed,Not Applicable,Not Applicable
,"South Dakota","46","< 1 year","1",94,10011,939.0
,"South Dakota","46","1-4 years","1-4",10,40713,Unreliable
,"South Dakota","46","5-9 years","5-9",Suppressed,55266,Suppressed
,"South Dakota","46","10-14 years","10-14",22,59848,36.8
,"South Dakota","46","15-19 years","15-19",62,62829,98.7
,"South Dakota","46","20-24 years","20-24",53,51766,102.4
,"South Dakota","46","25-29 years","25-29",47,44989,104.5
,"South Dakota","46","30-34 years","30-34",52,45933,113.2
,"South Dakota","46","35-39 years","35-39",91,57480,158.3
,"South Dakota","46","40-44 years","40-44",123,58288,211.0
,"South Dakota","46","45-49 years","45-49",160,52413,305.3
,"South Dakota","46","50-54 years","50-54",207,41612,497.5
,"South Dakota","46","55-59 years","55-59",237,32687,725.1
,"South Dakota","46","60-64 years ","60-64",322,28796,1118.2
,"South Dakota","46","65-69 years","65-69",447,27183,1644.4
,"South Dakota","46","70-74 years","70-74",686,26056,2632.8
,"South Dakota","46","75-79 years","75-79",865,22549,3836.1
,"South Dakota","46","80-84 years","80-84",1083,16143,6708.8
,"South Dakota","46","85-89 years","85-89",1084,Not Applicable,Not Applicable
,"South Dakota","46","90-94 years","90-94",781,Not Applicable,Not Applicable
,"South Dakota","46","95-99 years","95-99",423,Not Applicable,Not Applicable
,"South Dakota","46","100+ years","100+",96,Not Applicable,Not Applicable
,"South Dakota","46","Not Stated","NS",0,Not Applicable,Not Applicable
,"Tennessee","47","< 1 year","1",599,74673,802.2
,"Tennessee","47","1-4 years","1-4",125,296171,42.2
,"Tennessee","47","5-9 years","5-9",90,394276,22.8
,"Tennessee","47","10-14 years","10-14",109,388130,28.1
,"Tennessee","47","15-19 years","15-19",360,395646,91.0
,"Tennessee","47","20-24 years","20-24",427,381011,112.1
,"Tennessee","47","25-29 years","25-29",493,408164,120.8
,"Tennessee","47","30-34 years","30-34",571,412169,138.5
,"Tennessee","47","35-39 years","35-39",949,453698,209.2
,"Tennessee","47","40-44 years","40-44",1330,445882,298.3
,"Tennessee","47","45-49 years","45-49",1705,405455,420.5
,"Tennessee","47","50-54 years","50-54",2141,361477,592.3
,"Tennessee","47","55-59 years","55-59",2742,286681,956.5
,"Tennessee","47","60-64 years ","60-64",3467,236999,1462.9
,"Tennessee","47","65-69 years","65-69",4563,203089,2246.8
,"Tennessee","47","70-74 years","70-74",5952,177624,3350.9
,"Tennessee","47","75-79 years","75-79",7454,143728,5186.2
,"Tennessee","47","80-84 years","80-84",7507,93466,8031.8
,"Tennessee","47","85-89 years","85-89",7014,Not Applicable,Not Applicable
,"Tennessee","47","90-94 years","90-94",4268,Not Applicable,Not Applicable
,"Tennessee","47","95-99 years","95-99",1592,Not Applicable,Not Applicable
,"Tennessee","47","100+ years","100+",298,Not Applicable,Not Applicable
,"Tennessee","47","Not Stated","NS",Suppressed,Not Applicable,Not Applicable
,"Texas","48","< 1 year","1",2164,332378,651.1
,"Texas","48","1-4 years","1-4",459,1284813,35.7
,"Texas","48","5-9 years","5-9",324,1640288,19.8
,"Texas","48","10-14 years","10-14",368,1611277,22.8
,"Texas","48","15-19 years","15-19",1153,1619632,71.2
,"Texas","48","20-24 years","20-24",1397,1498912,93.2
,"Texas","48","25-29 years","25-29",1376,1574407,87.4
,"Texas","48","30-34 years","30-34",1747,1567480,111.5
,"Texas","48","35-39 years","35-39",2714,1697408,159.9
,"Texas","48","40-44 years","40-44",3804,1603808,237.2
,"Texas","48","45-49 years","45-49",4792,1374078,348.7
,"Texas","48","50-54 years","50-54",5858,1146781,510.8
,"Texas","48","55-59 years","55-59",7151,863292,828.3
,"Texas","48","60-64 years ","60-64",8780,693373,1266.3
,"Texas","48","65-69 years","65-69",11960,604694,1977.9
,"Texas","48","70-74 years","70-74",16420,529022,3103.8
,"Texas","48","75-79 years","75-79",19863,416805,4765.5
,"Texas","48","80-84 years","80-84",19895,266005,7479.2
,"Texas","48","85-89 years","85-89",18885,Not Applicable,Not Applicable
,"Texas","48","90-94 years","90-94",12079,Not Applicable,Not Applicable
,"Texas","48","95-99 years","95-99",4675,Not Applicable,Not Applicable
,"Texas","48","100+ years","100+",975,Not Applicable,Not Applicable
,"Texas","48","Not Stated","NS",19,Not Applicable,Not Applicable
,"Utah","49","< 1 year","1",224,44276,505.9
,"Utah","49","1-4 years","1-4",50,162157,30.8
,"Utah","49","5-9 years","5-9",28,190841,14.7
,"Utah","49","10-14 years","10-14",29,191810,15.1
,"Utah","49","15-19 years","15-19",126,219171,57.5
,"Utah","49","20-24 years","20-24",173,217614,79.5
,"Utah","49","25-29 years","25-29",128,173293,73.9
,"Utah","49","30-34 years","30-34",183,148235,123.5
,"Utah","49","35-39 years","35-39",251,151548,165.6
,"Utah","49","40-44 years","40-44",305,147706,206.5
,"Utah","49","45-49 years","45-49",389,128072,303.7
,"Utah","49","50-54 years","50-54",408,101529,401.9
,"Utah","49","55-59 years","55-59",427,77681,549.7
,"Utah","49","60-64 years ","60-64",601,61905,970.8
,"Utah","49","65-69 years","65-69",857,53298,1607.9
,"Utah","49","70-74 years","70-74",1199,47428,2528.0
,"Utah","49","75-79 years","75-79",1541,39175,3933.6
,"Utah","49","80-84 years","80-84",1876,26586,7056.3
,"Utah","49","85-89 years","85-89",1695,Not Applicable,Not Applicable
,"Utah","49","90-94 years","90-94",1135,Not Applicable,Not Applicable
,"Utah","49","95-99 years","95-99",364,Not Applicable,Not Applicable
,"Utah","49","100+ years","100+",67,Not Applicable,Not Applicable
,"Utah","49","Not Stated","NS",Suppressed,Not Applicable,Not Applicable
,"Vermont","50","< 1 year","1",38,6329,600.4
,"Vermont","50","1-4 years","1-4",Suppressed,27596,Suppressed
,"Vermont","50","5-9 years","5-9",10,41931,Unreliable
,"Vermont","50","10-14 years","10-14",Suppressed,45159,Suppressed
,"Vermont","50","15-19 years","15-19",26,45231,57.5
,"Vermont","50","20-24 years","20-24",27,37141,72.7
,"Vermont","50","25-29 years","25-29",31,36188,85.7
,"Vermont","50","30-34 years","30-34",35,39818,87.9
,"Vermont","50","35-39 years","35-39",64,50052,127.9
,"Vermont","50","40-44 years","40-44",90,52562,171.2
,"Vermont","50","45-49 years","45-49",114,49200,231.7
,"Vermont","50","50-54 years","50-54",185,41795,442.6
,"Vermont","50","55-59 years","55-59",196,31228,627.6
,"Vermont","50","60-64 years ","60-64",278,23826,1166.8
,"Vermont","50","65-69 years","65-69",395,20963,1884.3
,"Vermont","50","70-74 years","70-74",573,19432,2948.7
,"Vermont","50","75-79 years","75-79",712,15635,4553.9
,"Vermont","50","80-84 years","80-84",770,10743,7167.5
,"Vermont","50","85-89 years","85-89",702,Not Applicable,Not Applicable
,"Vermont","50","90-94 years","90-94",489,Not Applicable,Not Applicable
,"Vermont","50","95-99 years","95-99",211,Not Applicable,Not Applicable
,"Vermont","50","100+ years","100+",36,Not Applicable,Not Applicable
,"Vermont","50","Not Stated","NS",0,Not Applicable,Not Applicable
,"Virginia","51","< 1 year","1",693,91863,754.4
,"Virginia","51","1-4 years","1-4",110,366586,30.0
,"Virginia","51","5-9 years","5-9",63,496005,12.7
,"Virginia","51","10-14 years","10-14",91,485971,18.7
,"Virginia","51","15-19 years","15-19",304,478532,63.5
,"Virginia","51","20-24 years","20-24",375,470223,79.7
,"Virginia","51","25-29 years","25-29",419,504307,83.1
,"Virginia","51","30-34 years","30-34",550,544128,101.1
,"Virginia","51","35-39 years","35-39",917,610098,150.3
,"Virginia","51","40-44 years","40-44",1276,580535,219.8
,"Virginia","51","45-49 years","45-49",1636,514775,317.8
,"Virginia","51","50-54 years","50-54",2100,457163,459.4
,"Virginia","51","55-59 years","55-59",2721,346619,785.0
,"Virginia","51","60-64 years ","60-64",3389,268232,1263.5
,"Virginia","51","65-69 years","65-69",4766,229657,2075.3
,"Virginia","51","70-74 years","70-74",6395,202791,3153.5
,"Virginia","51","75-79 years","75-79",8105,163616,4953.7
,"Virginia","51","80-84 years","80-84",8057,103867,7757.0
,"Virginia","51","85-89 years","85-89",7097,Not Applicable,Not Applicable
,"Virginia","51","90-94 years","90-94",4331,Not Applicable,Not Applicable
,"Virginia","51","95-99 years","95-99",1578,Not Applicable,Not Applicable
,"Virginia","51","100+ years","100+",341,Not Applicable,Not Applicable
,"Virginia","51","Not Stated","NS",Suppressed,Not Applicable,Not Applicable
,"Washington","53","< 1 year","1",400,77332,517.3
,"Washington","53","1-4 years","1-4",90,315531,28.5
,"Washington","53","5-9 years","5-9",69,427119,16.2
,"Washington","53","10-14 years","10-14",76,430279,17.7
,"Washington","53","15-19 years","15-19",257,424735,60.5
,"Washington","53","20-24 years","20-24",308,380775,80.9
,"Washington","53","25-29 years","25-29",295,403057,73.2
,"Washington","53","30-34 years","30-34",412,438866,93.9
,"Washington","53","35-39 years","35-39",646,491019,131.6
,"Washington","53","40-44 years","40-44",934,490566,190.4
,"Washington","53","45-49 years","45-49",1202,445731,269.7
,"Washington","53","50-54 years","50-54",1528,377487,404.8
,"Washington","53","55-59 years","55-59",1809,274976,657.9
,"Washington","53","60-64 years ","60-64",2318,207736,1115.8
,"Washington","53","65-69 years","65-69",3253,175615,1852.3
,"Washington","53","70-74 years","70-74",4657,160954,2893.4
,"Washington","53","75-79 years","75-79",6311,141946,4446.1
,"Washington","53","80-84 years","80-84",6872,96607,7113.4
,"Washington","53","85-89 years","85-89",6469,Not Applicable,Not Applicable
,"Washington","53","90-94 years","90-94",4006,Not Applicable,Not Applicable
,"Washington","53","95-99 years","95-99",1568,Not Applicable,Not Applicable
,"Washington","53","100+ years","100+",382,Not Applicable,Not Applicable
,"Washington","53","Not Stated","NS",Suppressed,Not Applicable,Not Applicable
,"West Virginia","54","< 1 year","1",154,20075,767.1
,"West Virginia","54","1-4 years","1-4",23,82437,27.9
,"West Virginia","54","5-9 years","5-9",20,112026,17.9
,"West Virginia","54","10-14 years","10-14",35,116999,29.9
,"West Virginia","54","15-19 years","15-19",112,129301,86.6
,"West Virginia","54","20-24 years","20-24",124,121695,101.9
,"West Virginia","54","25-29 years","25-29",129,115558,111.6
,"West Virginia","54","30-34 years","30-34",149,113811,130.9
,"West Virginia","54","35-39 years","35-39",256,131891,194.1
,"West Virginia","54","40-44 years","40-44",406,143766,282.4
,"West Virginia","54","45-49 years","45-49",486,140462,346.0
,"West Virginia","54","50-54 years","50-54",700,124022,564.4
,"West Virginia","54","55-59 years","55-59",893,97143,919.3
,"West Virginia","54","60-64 years ","60-64",1306,85815,1521.9
,"West Virginia","54","65-69 years","65-69",1776,76359,2325.9
,"West Virginia","54","70-74 years","70-74",2604,73112,3561.7
,"West Virginia","54","75-79 years","75-79",3200,58099,5507.8
,"West Virginia","54","80-84 years","80-84",3257,37793,8618.0
,"West Virginia","54","85-89 years","85-89",2887,Not Applicable,Not Applicable
,"West Virginia","54","90-94 years","90-94",1748,Not Applicable,Not Applicable
,"West Virginia","54","95-99 years","95-99",637,Not Applicable,Not Applicable
,"West Virginia","54","100+ years","100+",147,Not Applicable,Not Applicable
,"West Virginia","54","Not Stated","NS",0,Not Applicable,Not Applicable
,"Wisconsin","55","< 1 year","1",459,65920,696.3
,"Wisconsin","55","1-4 years","1-4",110,269904,40.8
,"Wisconsin","55","5-9 years","5-9",63,383130,16.4
,"Wisconsin","55","10-14 years","10-14",83,404270,20.5
,"Wisconsin","55","15-19 years","15-19",256,407067,62.9
,"Wisconsin","55","20-24 years","20-24",313,350798,89.2
,"Wisconsin","55","25-29 years","25-29",249,339102,73.4
,"Wisconsin","55","30-34 years","30-34",325,374238,86.8
,"Wisconsin","55","35-39 years","35-39",515,441021,116.8
,"Wisconsin","55","40-44 years","40-44",743,435951,170.4
,"Wisconsin","55","45-49 years","45-49",1040,389465,267.0
,"Wisconsin","55","50-54 years","50-54",1325,320353,413.6
,"Wisconsin","55","55-59 years","55-59",1728,246287,701.6
,"Wisconsin","55","60-64 years ","60-64",2281,203967,1118.3
,"Wisconsin","55","65-69 years","65-69",3330,182689,1822.8
,"Wisconsin","55","70-74 years","70-74",5014,173850,2884.1
,"Wisconsin","55","75-79 years","75-79",6380,145784,4376.3
,"Wisconsin","55","80-84 years","80-84",7690,104704,7344.5
,"Wisconsin","55","85-89 years","85-89",7253,Not Applicable,Not Applicable
,"Wisconsin","55","90-94 years","90-94",5065,Not Applicable,Not Applicable
,"Wisconsin","55","95-99 years","95-99",2010,Not Applicable,Not Applicable
,"Wisconsin","55","100+ years","100+",440,Not Applicable,Not Applicable
,"Wisconsin","55","Not Stated","NS",0,Not Applicable,Not Applicable
,"Wyoming","56","< 1 year","1",42,6070,691.9
,"Wyoming","56","1-4 years","1-4",Suppressed,25021,Suppressed
,"Wyoming","56","5-9 years","5-9",19,34679,Unreliable
,"Wyoming","56","10-14 years","10-14",12,39170,Unreliable
,"Wyoming","56","15-19 years","15-19",45,42523,105.8
,"Wyoming","56","20-24 years","20-24",39,33185,117.5
,"Wyoming","56","25-29 years","25-29",24,29627,81.0
,"Wyoming","56","30-34 years","30-34",33,29400,112.2
,"Wyoming","56","35-39 years","35-39",66,37875,174.3
,"Wyoming","56","40-44 years","40-44",94,42628,220.5
,"Wyoming","56","45-49 years","45-49",121,39777,304.2
,"Wyoming","56","50-54 years","50-54",156,31755,491.3
,"Wyoming","56","55-59 years","55-59",179,24050,744.3
,"Wyoming","56","60-64 years ","60-64",230,19186,1198.8
,"Wyoming","56","65-69 years","65-69",328,16464,1992.2
,"Wyoming","56","70-74 years","70-74",419,14640,2862.0
,"Wyoming","56","75-79 years","75-79",537,11533,4656.2
,"Wyoming","56","80-84 years","80-84",608,7649,7948.8
,"Wyoming","56","85-89 years","85-89",541,Not Applicable,Not Applicable
,"Wyoming","56","90-94 years","90-94",365,Not Applicable,Not Applicable
,"Wyoming","56","95-99 years","95-99",151,Not Applicable,Not Applicable
,"Wyoming","56","100+ years","100+",29,Not Applicable,Not Applicable
,"Wyoming","56","Not Stated","NS",Suppressed,Not Applicable,Not Applicable
